{ 
    
    "archii": [
        
        {
            "density": 2, "friction": 0, "bounce": 0, 
            "filter": { "categoryBits": 1, "maskBits": 65535 },
            "shape": [   59, 37  ,  45, 46  ,  21, 50  ,  12, 38  ,  12, 17  ,  21, 4  ,  45, 10  ,  59, 16  ]
        }
    ]
    , 
    "j1": [
        
        {
            "density": 2, "friction": 0, "bounce": 0, 
            "filter": { "categoryBits": 1, "maskBits": 65535 },
            "shape": [   98, 59  ,  10, 39  ,  1, 30  ,  10, 21  ,  98, 0  ,  159, 30  ]
        }
    ]
    , 
    "d1": [
        
        {
            "density": 2, "friction": 0, "bounce": 0, 
            "filter": { "categoryBits": 1, "maskBits": 65535 },
            "shape": [   31.541217803955078, 46.566308259963989  ,  1, 32  ,  1, 17  ,  32.258064270019531, 0.32975006103515625  ,  47, 14  ,  47, 35  ]
        }
    ]
}
