{ 
    
    "archii": [
        
        {
            "density": 2, "friction": 0, "bounce": 0, 
            "filter": { "categoryBits": 1, "maskBits": 65535 },
            "shape": [   61, 39  ,  38, 51  ,  13, 51  ,  2, 37  ,  2, 17  ,  13, 3  ,  38, 3  ,  61, 15  ]
        }
    ]
    , 
    "d1": [
        
        {
            "density": 2, "friction": 0, "bounce": 0, 
            "filter": { "categoryBits": 1, "maskBits": 65535 },
            "shape": [   3, 38  ,  3, 9  ,  15.284974098205566, 1.3678741455078125  ,  29, 9  ,  29, 39  ,  16, 47  ]
        }
    ]
}
