{ 
    
    "archii": [
        
        {
            "density": 2, "friction": 0, "bounce": 0, 
            "filter": { "categoryBits": 1, "maskBits": 65535 },
            "shape": [   73, 37  ,  50, 49  ,  25, 49  ,  14, 35  ,  14, 15  ,  25, 1  ,  50, 1  ,  73, 13  ]
        }
    ]
    , 
    "d1": [
        
        {
            "density": 2, "friction": 0, "bounce": 0, 
            "filter": { "categoryBits": 1, "maskBits": 65535 },
            "shape": [   3, 38  ,  3, 9  ,  15.284974098205566, 1.3678741455078125  ,  29, 9  ,  29, 39  ,  16, 47  ]
        }
    ]
}
